,orig_label,pred_label
0,17,58
1,22,22
2,78,78
3,46,93
4,106,106
5,29,29
6,68,68
7,42,42
8,62,62
9,40,40
10,20,20
11,114,114
12,70,70
13,84,129
14,65,65
15,34,65
16,38,38
17,18,18
18,94,94
19,90,90
20,84,84
21,59,59
22,77,77
23,100,99
24,53,53
25,43,43
26,62,62
27,29,29
28,27,27
29,127,127
30,85,85
31,127,15
0,16,16
1,105,105
2,59,59
3,14,14
4,36,36
5,81,84
6,33,33
7,68,119
8,11,11
9,94,94
10,85,85
11,18,18
12,116,116
13,92,92
14,119,119
15,3,3
16,102,102
17,57,57
18,36,36
19,57,57
20,22,22
21,94,94
22,109,109
23,85,85
24,72,72
25,68,69
26,49,39
27,56,56
28,24,24
29,85,34
30,43,102
31,97,97
0,84,84
1,63,63
2,77,77
3,7,7
4,63,114
5,7,26
6,40,40
7,72,72
8,90,90
9,24,24
10,61,61
11,131,131
12,57,57
13,122,122
14,107,107
15,59,59
16,100,100
17,5,78
18,113,113
19,106,29
20,37,98
21,85,85
22,56,56
23,42,42
24,3,3
25,21,21
26,31,31
27,110,106
28,64,11
29,14,14
30,74,74
31,11,59
0,7,7
1,23,23
2,71,71
3,7,7
4,9,9
5,82,82
6,98,98
7,12,12
8,75,75
9,5,5
10,29,29
11,116,116
12,12,22
13,35,35
14,7,26
15,19,2
16,98,48
17,47,47
18,22,22
19,114,114
20,32,32
21,35,35
22,55,55
23,40,39
24,106,106
25,52,52
26,26,26
27,115,115
28,81,100
29,32,73
30,53,53
31,27,55
0,123,123
1,110,110
2,86,86
3,42,42
4,28,28
5,62,62
6,4,4
7,46,46
8,50,50
9,12,110
10,88,88
11,76,76
12,86,86
13,91,91
14,70,70
15,56,56
16,51,51
17,13,13
18,66,66
19,62,62
20,117,117
21,22,22
22,108,108
23,103,103
24,28,28
25,101,101
26,53,117
27,4,53
28,9,17
29,99,52
30,111,111
31,80,29
0,89,89
1,38,38
2,13,13
3,4,4
4,31,31
5,37,0
6,109,117
7,114,55
8,2,2
9,45,45
10,14,14
11,92,92
12,94,94
13,23,23
14,53,53
15,48,55
16,76,76
17,115,115
18,40,40
19,56,56
20,103,35
21,14,14
22,67,67
23,0,0
24,23,23
25,95,128
26,69,69
27,90,90
28,87,87
29,14,14
30,20,20
31,95,95
0,30,30
1,51,51
2,115,7
3,109,109
4,0,0
5,5,78
6,105,105
7,67,67
8,113,113
9,31,31
10,128,128
11,17,17
12,73,73
13,66,122
14,87,92
15,72,72
16,41,41
17,96,96
18,59,59
19,28,28
20,112,112
21,17,8
22,62,56
23,18,18
24,70,102
25,110,110
26,29,29
27,67,67
28,65,65
29,32,32
30,111,111
31,83,83
0,47,13
1,37,37
2,78,78
3,100,100
4,116,86
5,103,103
6,56,56
7,94,94
8,30,45
9,92,92
10,57,57
11,70,70
12,100,100
13,125,125
14,47,47
15,109,109
16,20,20
17,86,86
18,31,31
19,16,16
20,102,102
21,43,105
22,6,38
23,16,16
24,128,128
25,3,4
26,107,107
27,116,113
28,74,74
29,68,68
30,86,86
31,6,6
0,104,104
1,24,24
2,49,49
3,56,56
4,55,58
5,71,71
6,109,109
7,113,113
8,104,104
9,74,10
10,37,37
11,71,121
12,23,23
13,26,26
14,107,42
15,100,100
16,98,62
17,87,87
18,110,28
19,103,103
20,40,102
21,46,46
22,31,31
23,37,37
24,78,78
25,75,75
26,1,1
27,48,48
28,37,96
29,9,9
30,53,53
31,122,122
0,12,12
1,6,31
2,8,124
3,70,70
4,42,42
5,114,114
6,21,21
7,79,64
8,79,64
9,116,116
10,110,50
11,66,66
12,53,11
13,30,30
14,9,9
15,103,103
16,111,75
17,61,62
18,47,117
19,86,2
20,40,40
21,30,30
22,130,130
23,119,119
24,13,15
25,81,81
26,86,111
27,3,5
28,41,41
29,16,14
30,7,7
31,48,48
0,54,54
1,102,102
2,119,82
3,88,88
4,14,14
5,17,17
6,93,93
7,5,5
8,34,34
9,80,80
10,94,94
11,16,16
12,99,99
13,59,59
14,22,11
15,104,105
16,3,3
17,116,116
18,51,51
19,1,1
20,129,129
21,113,113
22,110,110
23,9,9
24,56,56
25,116,116
26,103,103
27,42,44
28,85,80
29,15,129
30,103,103
31,35,35
0,3,3
1,0,0
2,78,78
3,90,90
4,13,13
5,62,62
6,27,27
7,125,125
8,18,18
9,30,30
10,118,118
11,83,83
12,98,98
13,89,80
14,104,104
15,9,121
16,48,56
17,7,15
18,58,26
19,10,10
20,83,83
21,83,83
22,13,13
23,128,128
24,122,122
25,52,52
26,38,38
27,31,31
28,112,93
29,122,122
30,88,88
31,43,43
0,61,61
1,11,11
2,104,104
3,91,91
4,78,5
5,67,67
6,36,51
7,129,129
8,50,50
9,127,127
10,111,111
11,11,36
12,105,105
13,35,35
14,27,27
15,34,65
16,56,56
17,130,130
18,75,75
19,33,33
20,28,28
21,62,62
22,22,20
23,108,81
24,53,117
25,70,15
26,31,45
27,44,44
28,32,32
29,29,29
30,105,105
31,73,73
0,100,5
1,4,4
2,8,8
3,109,109
4,86,86
5,28,28
6,11,11
7,80,80
8,45,28
9,30,62
10,84,84
11,101,17
12,41,41
13,40,40
14,129,129
15,0,0
16,5,5
17,3,3
18,38,38
19,11,11
20,41,74
21,120,120
22,14,14
23,33,6
24,23,23
25,76,55
26,54,54
27,72,72
28,101,7
29,24,24
30,78,78
31,80,15
0,22,22
1,12,85
2,131,131
3,10,10
4,95,95
5,0,0
6,132,132
7,50,50
8,84,16
9,100,100
10,0,0
11,100,0
12,56,56
13,20,20
14,20,20
15,120,120
16,8,8
17,49,49
18,95,95
19,11,22
20,28,28
21,14,14
22,29,29
23,25,25
24,28,105
25,19,19
26,60,62
27,120,120
28,131,80
29,13,73
30,29,29
31,52,52
0,85,111
1,58,101
2,58,101
3,107,107
4,78,78
5,81,81
6,117,117
7,89,89
8,128,128
9,54,54
10,78,78
11,26,27
12,23,23
13,4,4
14,54,54
15,50,50
16,19,19
17,33,14
18,89,89
19,46,59
20,23,23
21,28,28
22,88,88
23,81,81
24,32,32
25,86,113
26,46,46
27,120,120
28,132,132
29,125,62
30,26,26
31,36,36
0,77,77
1,84,90
2,57,57
3,33,33
4,94,94
5,88,88
6,98,0
7,51,51
8,81,100
9,87,87
10,71,71
11,70,67
12,87,87
13,9,70
14,34,34
15,124,124
16,36,36
17,40,40
18,67,67
19,79,64
20,16,16
21,78,78
22,117,117
23,28,28
24,118,118
25,20,20
26,103,103
27,16,16
28,54,54
29,105,105
30,45,3
31,87,87
0,19,19
1,17,55
2,11,11
3,29,29
4,108,108
5,82,82
6,59,59
7,39,38
8,90,90
9,39,68
10,107,47
11,90,90
12,7,7
13,37,75
14,114,114
15,58,58
16,111,111
17,1,1
18,14,60
19,82,39
20,92,92
21,106,106
22,40,40
23,61,61
24,33,33
25,26,26
26,5,5
27,117,117
28,9,9
29,122,122
30,31,31
31,12,12
0,14,26
1,28,28
2,56,56
3,39,39
4,63,63
5,4,4
6,117,117
7,19,19
8,132,132
9,42,9
10,2,2
11,25,25
12,38,38
13,93,93
14,6,14
15,121,56
16,69,13
17,81,81
18,11,11
19,30,30
20,30,5
21,49,49
22,78,78
23,1,1
24,74,74
25,103,103
26,121,121
27,120,120
28,110,110
29,60,60
30,60,60
31,86,86
0,15,14
1,84,84
2,21,21
3,18,18
4,24,39
5,75,3
6,55,55
7,61,62
8,75,75
9,86,86
10,17,17
11,76,52
12,100,100
13,13,13
14,47,47
15,118,118
16,49,49
17,36,75
18,4,4
19,88,88
20,56,56
21,74,74
22,37,37
23,90,90
24,25,92
25,108,108
26,88,88
27,106,106
28,87,87
29,24,24
30,17,17
31,116,4
0,34,34
1,16,16
2,69,69
3,127,127
4,99,57
5,12,41
6,111,111
7,129,129
8,3,7
9,15,15
10,1,1
11,56,56
12,78,78
13,79,79
14,114,114
15,32,32
16,0,105
17,15,15
18,51,51
19,89,89
20,59,59
21,3,3
22,49,49
23,89,89
24,38,38
25,132,132
26,126,126
27,101,69
28,70,70
29,30,30
30,71,71
31,109,109
0,131,89
1,124,124
2,39,7
3,46,46
4,130,99
5,83,30
6,53,53
7,60,87
8,65,65
9,89,13
10,105,105
11,91,91
12,64,64
13,17,17
14,90,44
15,126,12
16,30,30
17,8,128
18,41,126
19,23,23
20,29,29
21,94,94
22,74,81
23,6,15
24,60,60
25,124,124
26,97,97
27,96,96
28,89,82
29,67,67
30,50,50
31,91,91
0,37,37
1,115,115
2,126,126
3,88,88
4,15,75
5,11,11
6,20,20
7,9,78
8,54,2
9,40,104
10,44,23
11,77,77
12,53,53
13,0,0
14,42,38
15,25,35
16,111,111
17,55,55
18,100,100
19,52,52
20,116,116
21,32,32
22,31,31
23,114,114
24,85,85
25,18,23
26,93,61
27,125,125
28,27,27
29,63,63
30,40,40
31,28,28
0,82,13
1,68,68
2,70,70
3,78,78
4,95,77
5,4,4
6,72,72
7,48,103
8,19,19
9,100,100
10,75,75
11,127,90
12,85,60
13,11,11
14,13,14
15,104,104
16,119,119
17,64,20
18,1,35
19,97,97
20,49,49
21,4,44
22,79,79
23,94,94
24,93,93
25,47,82
26,48,13
27,27,27
28,55,55
29,90,90
30,69,69
31,18,18
0,37,37
1,12,12
2,5,5
3,32,105
4,56,31
5,97,97
6,24,24
7,56,77
8,59,59
9,30,30
10,126,126
11,22,22
12,69,69
13,15,14
14,125,125
15,36,36
16,10,10
17,71,71
18,15,15
19,49,49
20,105,105
21,68,31
22,35,35
23,61,61
24,115,115
25,71,71
26,50,50
27,123,123
28,44,44
29,56,56
30,110,110
31,1,1
0,14,71
1,131,95
2,23,23
3,113,88
4,75,75
5,85,85
6,33,33
7,1,88
8,111,111
9,50,50
10,72,62
11,21,15
12,81,81
13,29,29
14,53,88
15,2,2
16,69,58
17,6,6
18,16,16
19,98,98
20,54,54
21,21,21
22,42,109
23,85,85
24,119,119
25,43,19
26,29,29
27,44,44
28,33,33
29,72,130
30,93,16
31,88,88
0,25,69
1,55,55
2,23,23
3,100,38
4,34,34
5,5,5
6,86,86
7,124,105
8,91,91
9,63,63
10,35,25
11,122,122
12,45,45
13,55,55
14,91,11
15,27,27
16,31,56
17,68,68
18,10,10
19,73,72
20,99,35
21,96,96
22,73,102
23,41,35
24,127,115
25,109,109
26,86,55
27,47,47
28,102,26
29,65,65
30,83,83
31,97,97
0,32,32
1,67,67
2,81,81
3,45,45
4,85,85
5,38,38
6,117,117
7,76,76
8,50,50
9,108,108
10,15,15
11,75,75
12,85,85
13,32,32
14,95,3
15,85,75
16,75,75
17,81,81
18,55,17
19,30,30
20,94,78
21,42,42
22,37,37
23,47,47
24,70,70
25,45,28
26,1,5
27,80,39
28,0,0
29,19,19
30,81,100
31,129,129
0,19,9
1,50,50
2,41,106
3,20,20
4,130,35
5,29,29
6,92,92
7,132,74
8,93,93
9,21,21
10,3,70
11,33,33
12,15,15
13,129,36
14,56,56
15,60,60
16,41,41
17,26,24
18,8,8
19,85,85
20,111,111
21,115,7
22,88,88
23,0,28
24,22,28
25,83,83
26,91,91
27,38,38
28,96,66
29,81,16
30,118,113
31,86,86
0,53,100
1,106,106
2,84,62
3,10,88
4,38,38
5,10,10
6,4,4
7,6,94
8,46,46
9,62,62
10,26,27
11,4,4
12,41,41
13,70,70
14,29,29
15,117,117
16,72,72
17,14,14
18,125,125
19,94,94
20,34,124
21,2,2
22,70,70
23,74,74
24,27,27
25,105,28
26,10,10
27,128,128
28,59,59
29,122,122
30,58,58
31,112,112
0,131,131
1,11,11
2,67,67
3,0,0
4,9,9
5,14,14
6,53,53
7,52,52
8,92,92
9,70,19
10,28,28
11,4,4
12,90,90
13,45,45
14,0,0
15,59,59
16,23,23
17,53,11
18,29,29
19,98,98
20,31,31
21,42,38
22,118,118
23,89,7
24,128,43
25,104,104
26,64,64
27,113,12
28,73,20
29,3,3
30,4,4
31,122,122
0,91,91
1,45,45
2,70,55
3,119,119
4,114,114
5,123,67
6,2,56
7,45,45
8,4,4
9,97,97
10,32,32
11,105,105
12,7,7
13,29,29
14,71,71
15,88,0
16,12,12
17,1,30
18,56,10
19,79,79
20,95,20
21,8,34
22,15,15
23,33,40
24,51,51
25,116,116
26,50,50
27,49,43
28,39,39
29,32,32
30,118,53
31,47,56
0,124,100
1,125,100
2,90,15
3,13,53
4,16,16
5,130,130
6,73,73
7,82,82
8,56,56
9,79,79
10,79,79
11,23,23
12,89,33
13,47,47
14,104,104
15,86,86
16,29,29
17,51,51
18,57,57
19,71,71
20,90,90
21,10,10
22,20,20
23,128,128
24,102,102
25,14,14
26,28,28
27,83,83
28,24,24
29,93,93
30,12,12
31,55,103
0,76,76
1,66,66
2,32,32
3,14,14
4,3,3
5,71,71
6,85,60
7,16,16
8,114,114
9,53,53
10,60,60
11,43,43
12,123,123
13,45,45
14,5,5
15,120,120
16,39,39
17,121,79
18,68,68
19,51,36
20,48,48
21,32,72
22,86,86
23,91,91
24,79,79
25,90,90
26,36,30
27,41,50
28,104,104
29,125,125
30,11,11
31,116,116
0,4,4
1,74,32
2,14,14
3,68,68
4,65,65
5,15,15
6,76,63
7,35,35
8,65,34
9,7,7
10,12,12
11,10,10
12,123,123
13,50,50
14,108,108
15,71,71
16,10,10
17,39,36
18,41,41
19,77,77
20,94,3
21,77,77
22,13,13
23,122,122
24,24,24
25,62,45
26,51,51
27,64,64
28,112,23
29,51,51
30,47,47
31,42,42
0,49,49
1,45,45
2,117,117
3,67,16
4,38,38
5,119,119
6,68,68
7,86,86
8,104,104
9,19,19
10,41,41
11,17,17
12,61,61
13,63,63
14,6,6
15,43,43
16,95,95
17,87,87
18,62,62
19,103,103
20,36,36
21,42,47
22,110,110
23,94,94
24,33,33
25,124,124
26,66,66
27,41,41
28,0,0
29,91,91
30,14,14
31,36,121
0,88,88
1,14,14
2,81,81
3,103,103
4,29,29
5,98,98
6,29,29
7,54,54
8,47,47
9,14,14
10,4,4
11,124,124
12,0,0
13,72,72
14,96,70
15,68,68
16,42,42
17,56,56
18,25,25
19,4,4
20,62,59
21,41,41
22,4,11
23,117,6
24,110,41
25,5,5
26,16,16
27,56,56
28,50,52
29,44,77
30,38,115
31,68,68
0,74,74
1,125,125
2,128,128
3,29,29
4,74,74
5,36,36
6,55,24
7,45,45
8,46,46
9,21,70
10,58,55
11,3,3
12,50,50
13,7,7
14,44,44
15,109,109
16,10,10
17,55,55
18,123,51
19,116,75
20,16,16
21,132,132
22,95,95
23,62,62
24,45,45
25,109,109
26,73,73
27,90,90
28,106,106
29,34,34
30,57,57
31,31,31
0,14,14
1,11,11
2,17,17
3,58,58
4,43,43
5,124,124
6,89,89
7,4,4
8,73,104
9,30,30
10,11,11
11,122,122
12,91,91
13,55,55
14,52,52
15,86,86
16,106,106
17,0,0
18,31,31
19,8,25
20,63,45
21,113,1
22,59,59
23,101,101
24,27,27
25,111,11
26,69,69
27,126,126
28,26,16
29,131,131
30,46,71
31,16,39
0,73,105
1,100,100
2,18,18
3,20,20
4,95,111
5,121,121
6,108,108
7,26,26
8,28,10
9,109,109
10,131,131
11,28,28
12,40,40
13,67,67
14,127,127
15,98,16
16,114,114
17,34,34
18,82,82
19,115,115
20,1,1
21,126,1
22,66,66
23,16,16
24,46,46
25,1,52
26,3,108
27,50,50
28,30,30
29,8,87
30,70,70
31,105,105
0,24,24
1,8,60
2,60,51
3,13,111
4,75,75
5,11,11
6,70,70
7,117,117
8,123,123
9,92,92
10,0,0
11,64,105
12,26,14
13,106,106
14,17,93
15,130,130
16,113,41
17,124,124
18,49,49
19,46,46
20,114,114
21,29,29
22,83,66
23,47,47
24,59,2
25,35,35
26,112,93
27,9,6
28,103,103
29,80,80
30,86,86
31,89,80
0,62,52
1,23,23
2,95,75
3,20,20
4,57,118
5,132,126
6,58,58
7,106,41
8,107,107
9,56,56
10,63,76
11,35,35
12,35,35
13,89,89
14,93,93
15,56,56
16,60,60
17,23,23
18,22,22
19,3,3
20,3,3
21,86,86
22,18,18
23,84,84
24,106,41
25,128,105
26,119,119
27,24,24
28,8,8
29,22,11
30,70,70
31,75,75
0,131,131
1,94,94
2,124,105
3,67,67
4,17,17
5,69,58
6,128,128
7,34,34
8,132,132
9,119,119
10,82,82
11,116,116
12,35,35
13,104,104
14,67,123
15,89,89
16,11,11
17,110,110
18,46,46
19,79,64
20,81,81
21,111,111
22,7,31
23,72,72
24,97,97
25,90,63
26,45,45
27,110,110
28,94,94
29,122,122
30,99,81
31,111,129
0,29,29
1,77,14
2,111,117
3,27,27
4,10,10
5,28,28
6,47,109
7,131,131
8,15,15
9,122,122
10,18,18
11,29,29
12,50,50
13,36,36
14,17,17
15,108,108
16,39,39
17,78,78
18,46,46
19,58,58
20,60,60
21,28,28
22,52,52
23,18,18
24,92,92
25,57,57
26,94,94
27,67,67
28,41,130
29,13,13
30,53,53
31,126,126
0,109,59
1,92,92
2,47,60
3,96,124
4,27,27
5,81,81
6,40,80
7,18,18
8,94,94
9,57,57
10,74,74
11,8,8
12,20,20
13,9,9
14,125,125
15,0,0
16,85,85
17,54,54
18,10,10
19,120,102
20,25,25
21,38,38
22,110,110
23,39,39
24,6,13
25,107,83
26,95,95
27,37,37
28,61,61
29,2,2
30,110,110
31,112,112
0,36,123
1,21,21
2,105,123
3,117,117
4,82,82
5,3,5
6,92,92
7,116,116
8,131,131
9,89,89
10,4,4
11,40,40
12,21,21
13,86,86
14,13,13
15,29,29
16,100,100
17,51,61
18,43,43
19,69,128
20,80,69
21,61,61
22,73,105
23,21,21
24,60,60
25,46,46
26,127,127
27,47,47
28,105,105
29,83,107
30,54,54
31,24,58
0,20,20
1,52,60
2,132,132
3,28,61
4,25,25
5,101,101
6,128,17
7,41,41
8,19,19
9,7,7
10,126,110
11,102,102
12,102,102
13,16,16
14,5,5
15,66,66
16,124,124
17,71,71
18,33,33
19,0,0
20,103,103
21,100,100
22,7,7
23,128,128
24,21,21
25,89,39
26,5,122
27,129,129
28,45,45
29,4,4
30,59,46
31,41,41
0,43,43
1,4,56
2,31,31
3,29,29
4,42,42
5,110,110
6,74,57
7,68,68
8,102,40
9,1,1
10,59,59
11,124,25
12,52,52
13,61,61
14,8,87
15,116,116
16,75,75
17,35,35
18,14,39
19,122,53
20,118,118
21,93,93
22,32,32
23,6,14
24,43,80
25,21,75
26,117,117
27,96,89
28,123,18
29,99,81
30,117,117
31,112,16
0,28,28
1,11,11
2,4,4
3,94,78
4,74,88
5,35,35
6,23,23
7,102,102
8,35,35
9,80,39
10,0,0
11,61,61
12,5,5
13,56,15
14,80,80
15,111,111
16,18,18
17,59,14
18,128,128
19,13,13
20,28,28
21,60,85
22,7,7
23,54,123
24,17,17
25,105,44
26,115,115
27,102,102
28,74,96
29,96,104
30,108,108
31,51,51
0,51,51
1,127,127
2,68,7
3,24,24
4,48,48
5,67,67
6,75,75
7,35,35
8,15,15
9,43,43
10,101,31
11,73,73
12,81,132
13,4,4
14,4,4
15,28,28
16,76,11
17,58,58
18,105,1
19,51,51
20,75,75
21,90,90
22,111,111
23,109,109
24,65,34
25,39,39
26,81,81
27,112,112
28,4,5
29,116,116
30,122,75
31,11,15
0,76,76
1,3,3
2,71,71
3,30,30
4,54,54
5,77,77
6,117,117
7,50,50
8,68,68
9,79,79
10,44,44
11,59,59
12,3,14
13,45,45
14,56,56
15,126,111
16,15,15
17,93,93
18,11,11
19,67,105
20,22,11
21,42,42
22,6,14
23,20,20
24,67,67
25,101,101
26,30,30
27,26,26
28,125,125
29,97,97
30,54,54
31,68,68
0,90,122
1,111,117
2,23,23
3,51,51
4,77,77
5,11,11
6,18,18
7,13,13
8,33,14
9,12,12
10,56,56
11,113,86
12,1,1
13,61,57
14,89,89
15,8,8
16,41,41
17,80,80
18,16,16
19,0,0
20,82,82
21,61,13
22,105,105
23,80,87
24,36,36
25,30,30
26,76,22
27,117,117
28,38,38
29,20,20
30,108,108
31,113,113
0,37,37
1,31,31
2,26,26
3,111,75
4,109,117
5,86,86
6,83,83
7,45,45
8,108,108
9,31,31
10,96,96
11,58,104
12,11,28
13,123,123
14,63,43
15,93,93
16,119,119
17,7,7
18,37,37
19,33,13
20,52,52
21,40,102
22,32,32
23,24,95
24,99,100
25,39,39
26,39,39
27,12,12
28,3,3
29,87,87
30,22,22
31,94,94
0,49,49
1,60,60
2,10,70
3,35,48
4,41,48
5,43,43
6,16,16
7,102,102
8,37,37
9,10,10
10,44,44
11,54,54
12,116,90
13,100,100
14,50,50
15,116,116
16,39,33
17,90,5
18,73,73
19,99,16
20,121,6
21,5,5
22,90,90
23,6,15
24,12,126
25,6,6
26,45,45
27,35,81
28,6,6
29,39,39
30,76,55
31,12,12
0,80,80
1,117,117
2,47,47
3,96,96
4,91,91
5,30,30
6,100,114
7,114,114
8,56,56
9,10,10
10,118,88
11,91,91
12,81,77
13,86,86
14,46,46
15,123,123
16,81,81
17,83,83
18,54,54
19,2,2
20,43,43
21,29,41
22,110,110
23,25,25
24,76,1
25,63,31
26,81,81
27,75,55
28,83,83
29,48,49
30,33,33
31,32,32
0,73,25
1,19,19
2,41,41
3,49,33
4,25,25
5,26,26
6,101,101
7,117,117
8,11,11
9,26,26
10,104,104
11,128,128
12,50,50
13,89,89
14,39,39
15,37,96
16,79,64
17,34,65
18,124,124
19,103,103
20,53,53
21,50,50
22,46,46
23,21,21
24,1,1
25,59,59
26,107,107
27,38,38
28,3,3
29,88,88
30,91,91
31,43,69
0,30,30
1,49,49
2,0,0
3,91,91
4,60,60
5,10,10
6,54,54
7,36,36
8,58,58
9,104,104
10,48,48
11,70,70
12,68,68
13,64,79
14,78,78
15,60,85
16,124,124
17,131,105
18,70,19
19,106,2
20,41,57
21,67,67
22,46,46
23,111,75
24,42,42
25,119,47
26,37,37
27,123,123
28,87,87
29,90,90
30,64,64
31,12,12
0,1,22
1,9,9
2,15,15
3,18,18
4,112,112
5,96,96
6,116,116
7,58,79
8,53,53
9,106,106
10,38,38
11,31,31
12,16,62
13,47,20
14,73,73
15,13,13
16,75,40
17,33,33
18,130,130
19,58,17
20,28,28
21,58,58
22,107,107
23,10,32
24,83,44
25,82,82
26,50,75
27,71,71
28,39,39
29,72,72
30,86,2
31,105,105
0,10,47
1,36,45
2,74,74
3,39,39
4,47,114
5,86,86
6,53,53
7,83,83
8,32,32
9,60,60
10,64,64
11,73,73
12,106,106
13,36,36
14,62,62
15,5,5
16,105,105
17,59,59
18,114,114
19,28,28
20,63,128
21,28,28
22,39,104
23,101,128
24,6,6
25,45,63
26,87,71
27,14,14
28,94,78
29,103,103
30,34,34
31,69,69
0,21,20
1,21,21
2,73,73
3,83,83
4,32,87
5,55,26
6,80,80
7,58,58
8,79,79
9,29,29
10,1,1
11,4,4
12,5,78
13,5,5
14,98,98
15,33,33
16,82,82
17,31,31
18,82,38
19,65,8
20,29,29
21,22,22
22,128,128
23,96,96
24,20,20
25,1,1
26,85,85
27,47,47
28,7,7
29,44,117
30,131,131
31,84,84
0,115,115
1,7,7
2,121,56
3,20,20
4,34,22
5,4,4
6,13,13
7,0,0
8,79,79
9,117,117
10,21,21
11,56,56
12,90,90
13,21,21
14,55,55
15,35,35
16,20,20
17,37,37
18,101,101
19,75,75
20,105,128
21,69,69
22,126,126
23,127,127
24,56,56
25,77,77
26,10,10
27,89,89
28,10,10
29,102,104
30,14,14
31,63,63
0,124,124
1,43,43
2,81,99
3,17,26
4,70,70
5,72,72
6,52,52
7,17,17
8,114,114
9,92,92
10,55,55
11,5,5
12,79,94
13,69,69
14,28,28
15,123,123
16,21,21
17,90,90
18,59,59
19,18,78
20,111,111
21,64,64
22,29,29
23,83,83
24,126,126
25,86,86
26,13,33
27,119,131
28,19,70
29,23,23
30,106,106
31,70,19
0,86,86
1,60,60
2,66,66
3,88,16
4,102,27
5,27,34
6,128,128
7,75,26
8,114,114
9,42,42
10,85,85
11,86,86
12,96,96
13,104,43
14,78,122
15,20,67
16,11,11
17,111,111
18,44,20
19,58,55
20,51,51
21,87,92
22,38,38
23,114,114
24,72,67
25,86,109
26,66,66
27,39,39
28,102,102
29,75,75
30,19,26
31,14,14
0,109,114
1,63,63
2,126,126
3,93,93
4,82,82
5,9,102
6,48,48
7,85,85
8,18,18
9,21,21
10,45,45
11,45,45
12,127,127
13,52,52
14,110,110
15,43,104
16,89,56
17,75,75
18,112,112
19,59,59
20,25,32
21,22,22
22,55,55
23,16,16
24,70,70
25,4,4
26,87,87
27,126,132
28,47,47
29,51,51
30,58,58
31,72,72
0,32,32
1,29,29
2,5,5
3,116,72
4,36,45
5,115,115
6,82,82
7,105,28
8,50,50
9,104,104
10,72,72
11,105,105
12,126,132
13,106,106
14,65,65
15,48,56
16,103,103
17,85,85
18,3,45
19,50,50
20,129,129
21,63,63
22,22,22
23,61,61
24,105,105
25,114,114
26,126,126
27,30,30
28,81,81
29,28,28
30,15,14
31,81,81
0,40,40
1,3,3
2,11,11
3,117,117
4,86,96
5,35,35
6,81,81
7,16,20
8,90,90
9,29,29
10,80,14
11,43,43
12,54,54
13,0,0
14,55,55
15,129,129
16,56,56
17,115,115
18,16,16
19,12,35
20,113,113
21,53,53
22,29,29
23,29,29
24,51,93
25,6,6
26,93,93
27,111,111
28,66,66
29,95,39
30,90,90
31,67,67
0,102,102
1,48,48
2,67,67
3,5,5
4,55,55
5,77,77
6,41,96
7,9,9
8,71,71
9,62,62
10,58,58
11,5,5
12,10,10
13,82,82
14,97,97
15,47,122
16,1,1
17,31,31
18,114,114
19,47,47
20,110,110
21,19,19
22,20,20
23,40,40
24,123,123
25,59,59
26,23,23
27,63,63
28,103,103
29,56,56
30,31,31
31,122,100
0,102,102
1,52,45
2,37,37
3,75,75
4,53,53
5,67,128
6,87,87
7,118,74
8,104,104
9,2,2
10,60,60
11,68,68
12,6,6
13,95,42
14,129,129
15,17,69
16,63,63
17,125,125
18,70,70
19,119,119
20,108,19
21,41,41
22,78,78
23,13,68
24,17,17
25,93,93
26,124,124
27,63,63
28,111,2
29,42,44
30,50,50
31,48,48
0,132,12
1,45,85
2,41,41
3,25,25
4,86,85
5,25,25
6,5,5
7,14,14
8,34,34
9,60,2
10,131,131
11,120,120
12,19,19
13,41,69
14,47,13
15,75,75
16,13,13
17,98,98
18,65,65
19,116,114
20,31,31
21,31,31
22,7,7
23,34,34
24,17,17
25,13,13
26,7,78
27,45,37
28,10,10
29,114,114
30,15,15
31,54,54
0,79,64
1,68,68
2,23,23
3,83,19
4,3,66
5,123,123
6,52,52
7,69,69
8,75,75
9,43,43
10,0,0
11,21,10
12,78,78
13,39,7
14,14,14
15,0,0
16,90,90
17,47,47
18,55,55
19,27,27
20,131,131
21,28,28
22,31,31
23,49,49
24,34,65
25,107,107
26,28,53
27,38,38
28,80,78
29,8,8
30,78,78
31,122,21
0,78,78
1,96,96
2,60,60
3,114,78
4,124,124
5,22,22
6,33,33
7,26,26
8,15,15
9,129,129
10,35,35
11,74,74
12,126,132
13,46,46
14,35,35
15,13,13
16,6,117
17,32,32
18,12,12
19,20,20
20,0,0
21,45,45
22,2,2
23,66,66
24,85,85
25,17,17
26,102,40
27,76,76
28,121,121
29,74,74
30,27,27
31,98,98
0,98,98
1,80,80
2,79,79
3,116,114
4,117,44
5,26,26
6,83,83
7,2,2
8,91,91
9,31,31
10,84,45
11,1,1
12,74,74
13,24,24
14,69,13
15,32,32
16,49,49
17,10,10
18,103,103
19,118,118
20,36,36
21,90,42
22,106,106
23,95,95
24,37,41
25,4,4
26,128,128
27,49,49
28,49,49
29,43,40
30,0,0
31,44,44
0,5,5
1,96,96
2,69,69
3,52,52
4,80,80
5,93,93
6,61,61
7,83,83
8,84,84
9,23,23
10,43,43
11,90,90
12,94,94
13,46,46
14,119,26
15,122,122
16,14,14
17,53,30
18,89,38
19,34,34
20,67,34
21,128,128
22,103,103
23,19,19
24,47,4
25,27,24
26,29,29
27,20,28
28,37,37
29,95,95
30,43,43
31,90,90
0,92,73
1,80,64
2,86,2
3,68,75
4,24,24
5,69,69
6,58,55
7,83,83
8,84,84
9,110,110
10,118,118
11,37,37
12,4,4
13,70,70
14,9,9
15,7,10
16,82,59
17,13,13
18,60,34
19,14,14
20,119,119
21,117,44
22,107,42
23,86,86
24,59,59
25,66,66
26,64,64
27,26,26
28,35,1
29,82,95
30,51,51
31,0,0
0,20,20
1,31,31
2,42,42
3,2,2
4,81,81
5,58,58
6,87,87
7,12,12
8,21,21
9,65,32
10,38,38
11,57,57
12,15,15
13,71,71
14,84,84
15,113,96
16,36,62
17,17,17
18,61,61
19,48,13
20,22,128
21,48,116
22,108,4
23,16,99
24,22,22
25,70,70
26,47,47
27,88,88
28,6,6
29,57,51
30,100,100
31,80,127
0,89,89
1,72,130
2,30,30
3,53,53
4,10,34
5,110,110
6,10,10
7,76,76
8,70,70
9,88,88
10,58,58
11,15,13
12,108,108
13,119,119
14,60,52
15,41,41
16,2,128
17,39,119
18,89,89
19,16,16
20,92,130
21,34,34
22,48,48
23,57,57
24,12,2
25,36,30
26,20,54
27,70,70
28,23,23
29,74,74
30,99,99
31,61,61
0,18,18
1,53,53
2,48,48
3,65,65
4,108,108
5,122,122
6,103,103
7,96,96
8,4,4
9,128,128
10,3,3
11,52,52
12,19,70
13,125,97
14,75,75
15,120,120
16,80,80
17,58,58
18,122,122
19,19,19
20,80,80
21,107,96
22,3,3
23,97,97
24,79,33
25,114,50
26,96,96
27,12,110
28,69,69
29,0,0
30,129,129
31,104,104
0,82,82
1,31,31
2,31,31
3,126,126
4,17,17
5,128,128
6,123,123
7,40,40
8,78,78
9,37,37
10,53,53
11,98,98
12,128,128
13,38,38
14,125,30
15,31,31
16,67,34
17,73,73
18,110,110
19,113,113
20,25,32
21,109,109
22,15,15
23,50,50
24,9,38
25,96,2
26,6,6
27,85,1
28,124,124
29,113,113
30,39,39
31,38,123
0,5,5
1,0,0
2,122,114
3,120,79
4,129,129
5,97,97
6,44,41
7,1,1
8,91,0
9,52,52
10,89,89
11,87,87
12,21,21
13,19,19
14,46,46
15,96,34
16,89,80
17,7,123
18,4,4
19,70,70
20,81,96
21,87,87
22,11,11
23,119,119
24,43,59
25,107,107
26,34,34
27,121,39
28,30,30
29,41,41
30,45,45
31,78,78
0,112,112
1,20,20
2,35,85
3,1,1
4,98,81
5,5,5
6,54,54
7,112,112
8,96,2
9,10,10
10,41,1
11,63,63
12,95,46
13,36,36
14,7,7
15,106,106
16,113,113
17,3,3
18,48,48
19,95,2
20,74,74
21,50,50
22,107,44
23,43,43
24,35,16
25,119,119
26,10,72
27,59,59
28,113,113
29,59,102
30,92,92
31,22,22
0,25,25
1,4,4
2,70,70
3,121,121
4,48,56
5,74,74
6,61,61
7,121,121
8,80,80
9,44,44
10,43,43
11,102,102
12,76,76
13,39,39
14,10,10
15,18,18
16,89,89
17,45,45
18,80,80
19,14,14
20,33,33
21,26,26
22,13,13
23,23,98
24,101,101
25,84,6
26,44,117
27,121,121
28,94,94
29,125,82
30,54,54
31,102,102
0,14,13
1,32,32
2,12,12
3,75,75
4,112,112
5,19,19
6,61,61
7,19,40
8,36,36
9,58,69
10,62,62
11,3,3
12,70,70
13,60,60
14,10,10
15,60,60
16,13,13
17,16,16
18,52,18
19,102,6
20,125,125
21,5,5
22,102,102
23,119,119
24,7,68
25,5,5
26,7,7
27,55,55
28,121,121
29,77,77
30,83,96
31,84,84
0,70,70
1,1,1
2,48,48
3,53,53
4,39,51
5,47,47
6,119,119
7,2,2
8,75,75
9,20,20
10,123,123
11,98,122
12,33,80
13,104,104
14,102,102
15,19,19
16,78,78
17,27,27
18,33,33
19,51,51
20,27,27
21,116,14
22,17,17
23,43,43
24,9,9
25,128,88
26,93,93
27,66,66
28,119,119
29,47,47
30,91,91
31,23,23
0,73,105
1,20,65
2,62,62
3,95,3
4,26,128
5,109,13
6,34,34
7,2,2
8,40,40
9,42,42
10,76,76
11,33,33
12,49,49
13,69,69
14,48,48
15,52,51
16,91,91
17,0,0
18,66,66
19,104,104
20,69,69
21,12,51
22,90,90
23,42,42
24,129,129
25,44,44
26,88,88
27,105,105
28,70,70
29,38,38
30,33,7
31,40,52
0,31,31
1,114,114
2,39,33
3,20,20
4,31,31
5,13,13
6,15,15
7,71,71
8,6,6
9,43,43
10,41,41
11,52,63
12,85,85
13,94,94
14,0,32
15,92,8
16,3,3
17,123,123
18,127,127
19,128,128
20,78,78
21,118,118
22,84,84
23,6,6
24,19,40
25,67,67
26,16,16
27,0,0
28,116,116
29,5,5
30,15,15
31,129,129
0,61,61
1,8,8
2,18,18
3,129,84
4,14,14
5,24,24
6,34,67
7,18,18
8,92,92
9,90,90
10,17,54
11,60,60
12,42,66
13,13,13
14,50,50
15,30,51
16,124,124
17,97,97
18,98,16
19,41,88
20,41,41
21,4,4
22,78,78
23,96,96
24,117,19
25,46,46
26,121,121
27,54,54
28,74,74
29,100,100
30,76,43
31,103,81
0,37,37
1,72,72
2,15,6
3,91,91
4,84,9
5,35,35
6,63,63
7,60,85
8,94,94
9,48,48
10,18,18
11,48,48
12,52,52
13,11,11
14,72,72
15,12,12
16,42,42
17,38,38
18,28,28
19,17,17
20,45,35
21,118,118
22,50,50
23,56,56
24,73,73
25,29,29
26,128,128
27,110,110
28,62,62
29,36,36
30,42,5
31,41,41
0,58,58
1,36,36
2,62,62
3,32,10
4,71,69
5,23,23
6,13,13
7,92,92
8,96,96
9,53,53
10,61,61
11,26,26
12,118,57
13,73,73
14,85,75
15,45,45
16,13,13
17,121,121
18,24,24
19,78,78
20,46,46
21,21,75
22,75,75
23,83,83
24,97,97
25,80,80
26,97,97
27,54,54
28,18,18
29,36,36
30,93,93
31,84,78
0,127,127
1,44,44
2,35,35
3,51,50
4,77,77
5,107,39
6,55,55
7,96,96
8,128,128
9,114,114
10,61,84
11,72,72
12,87,123
13,14,14
14,102,40
15,21,75
16,11,11
17,117,64
18,129,129
19,56,56
20,6,15
21,87,87
22,24,27
23,120,120
24,85,36
25,49,49
26,118,30
27,74,96
28,106,10
29,1,1
30,56,56
31,51,51
0,80,80
1,102,102
2,1,1
3,93,93
4,28,28
5,41,41
6,81,81
7,16,16
8,89,89
9,13,13
10,3,3
11,12,12
12,1,21
13,21,21
14,6,6
15,11,11
16,73,73
17,38,82
18,114,114
19,88,88
20,35,35
21,33,33
22,5,5
23,10,10
24,1,116
25,78,78
26,113,35
27,67,67
28,36,36
29,80,80
30,60,65
31,63,45
0,80,80
1,63,22
2,14,14
3,39,39
4,56,56
5,51,51
6,59,40
7,15,15
8,57,41
9,55,55
10,83,83
11,10,10
12,33,33
13,66,66
14,4,53
15,81,81
16,47,63
17,66,66
18,71,71
19,60,60
20,16,16
21,106,106
22,69,69
23,7,7
24,18,18
25,38,38
26,28,28
27,28,28
28,88,75
29,54,54
30,7,7
31,114,114
0,40,40
1,25,25
2,99,99
3,21,128
4,113,113
5,130,130
6,94,109
7,13,13
8,11,11
9,64,64
10,19,19
11,80,80
12,48,48
13,61,61
14,6,6
15,69,69
16,88,88
17,114,114
18,64,79
19,94,94
20,41,74
21,69,69
22,108,108
23,56,56
24,106,106
25,132,132
26,53,53
27,56,56
28,107,109
29,0,0
30,111,82
31,30,30
0,89,89
1,25,105
2,39,39
3,24,24
4,8,8
5,1,1
6,77,77
7,7,7
8,51,51
9,88,88
10,62,62
11,64,64
12,111,111
13,4,52
14,26,26
15,3,3
16,22,22
17,59,59
18,69,69
19,40,40
20,84,100
21,55,55
22,10,13
23,86,86
24,0,0
25,11,11
26,95,115
27,50,50
28,4,4
29,44,117
30,78,78
31,112,112
0,40,40
1,43,43
2,35,88
3,45,62
4,102,102
5,66,66
6,37,75
7,105,105
8,11,11
9,75,75
10,1,1
11,67,67
12,42,42
13,10,10
14,52,52
15,130,130
16,128,128
17,45,30
18,37,37
19,81,98
20,22,22
21,22,105
22,84,62
23,28,28
24,13,13
25,48,48
26,114,116
27,10,10
28,18,18
29,26,26
30,37,34
31,16,16
0,44,44
1,128,128
2,31,31
3,7,7
4,60,45
5,86,96
6,33,33
7,77,77
8,79,64
9,108,108
10,128,128
11,132,132
12,72,80
13,44,15
14,10,10
15,43,43
16,44,28
17,74,81
18,100,100
19,96,96
20,72,72
21,19,19
22,108,108
23,106,106
24,114,28
25,111,111
26,12,12
27,4,4
28,49,35
29,129,129
30,42,42
31,12,12
0,10,10
1,9,9
2,125,125
3,51,51
4,0,0
5,51,51
6,77,77
7,57,57
8,128,128
9,61,61
10,17,128
11,26,26
12,0,0
13,96,96
14,19,26
15,102,43
16,126,57
17,80,80
18,78,69
19,4,111
20,57,57
21,13,13
22,76,76
23,114,114
24,0,0
25,52,52
26,96,96
27,65,65
28,43,73
29,74,74
30,43,59
31,3,108
0,16,16
1,105,105
2,54,54
3,38,38
4,31,31
5,80,80
6,80,80
7,37,37
8,100,100
9,90,90
10,3,3
11,124,124
12,4,3
13,88,88
14,59,59
15,33,31
16,110,110
17,87,87
18,112,112
19,49,49
20,11,11
21,2,2
22,49,49
23,42,5
24,55,55
25,33,59
26,108,108
27,25,105
28,88,91
29,56,56
30,109,75
31,67,67
0,41,41
1,6,6
2,49,49
3,93,93
4,52,128
5,95,10
6,26,26
7,45,45
8,19,19
9,19,43
10,30,30
11,99,50
12,25,25
13,61,61
14,54,54
15,102,102
16,68,33
17,32,32
18,62,56
19,49,104
20,56,56
21,86,86
22,31,31
23,68,68
24,124,87
25,68,68
26,108,108
27,100,100
28,78,78
29,106,106
30,108,108
31,120,120
0,20,20
1,14,14
2,46,46
3,75,75
4,28,28
5,36,59
6,106,106
7,129,129
8,132,67
9,86,113
10,67,105
11,121,71
12,123,123
13,41,106
14,97,97
15,89,89
16,23,100
17,131,131
18,68,68
19,114,114
20,67,67
21,57,57
22,111,111
23,116,116
24,105,105
25,75,75
26,9,3
27,113,113
28,64,64
29,16,16
30,116,90
31,70,70
0,81,100
1,72,44
2,71,121
3,126,126
4,46,46
5,95,95
6,132,69
7,98,98
8,11,11
9,31,31
10,20,20
11,76,8
12,22,22
13,12,12
14,96,96
15,61,61
16,19,19
17,106,106
18,40,40
19,96,2
20,6,39
21,111,111
22,70,108
23,60,60
24,35,35
25,48,48
26,120,120
27,85,85
28,54,54
29,36,6
30,2,2
31,85,85
0,124,124
1,124,12
2,97,97
3,62,62
4,17,17
5,121,127
6,3,32
7,123,123
8,34,34
9,129,129
10,117,117
11,126,12
12,26,26
13,8,8
14,69,69
15,41,41
16,115,115
17,73,43
18,45,81
19,60,52
20,18,18
21,91,91
22,10,10
23,59,59
24,33,33
25,23,23
26,9,9
27,118,85
28,81,81
29,100,100
30,36,82
31,61,61
0,7,7
1,15,15
2,122,122
3,37,37
4,14,14
5,105,25
6,21,21
7,25,25
8,21,21
9,79,79
10,2,2
11,59,59
12,99,99
13,52,52
14,30,30
15,3,3
16,58,58
17,64,64
18,81,23
19,122,122
20,35,35
21,123,123
22,98,98
23,126,126
24,23,23
25,35,35
26,71,71
27,50,50
28,90,90
29,70,70
30,27,27
31,50,50
0,116,116
1,49,9
2,70,70
3,69,10
4,53,53
5,89,89
6,14,26
7,88,88
8,35,35
9,31,31
10,1,2
11,70,70
12,40,40
13,108,108
14,70,128
15,68,24
16,122,122
17,126,98
18,87,87
19,130,105
20,113,16
21,90,114
22,25,25
23,62,62
24,79,79
25,5,56
26,10,10
27,105,20
28,114,114
29,26,26
30,23,23
31,116,116
0,130,130
1,78,78
2,48,96
3,31,10
4,37,45
5,31,31
6,17,128
7,114,114
8,3,3
9,117,117
10,78,78
11,46,46
12,4,4
13,53,53
14,52,52
15,22,22
16,112,30
17,53,53
18,23,123
19,47,47
20,108,108
21,68,68
22,36,36
23,31,31
24,56,56
25,130,130
26,24,24
27,76,76
28,40,40
29,2,2
30,22,22
31,50,50
0,50,50
1,102,102
2,4,4
3,30,30
4,44,117
5,78,78
6,105,105
7,66,66
8,15,15
9,6,6
10,61,56
11,99,99
12,112,28
13,2,96
14,77,77
15,29,96
16,52,52
17,31,31
18,92,92
19,1,1
20,102,102
21,111,111
22,65,65
23,57,57
24,118,118
25,54,104
26,88,88
27,96,96
28,123,92
29,16,16
30,104,104
31,52,57
0,128,128
1,92,124
2,130,130
3,35,35
4,36,36
5,87,87
6,115,115
7,1,1
8,88,80
9,1,1
10,128,105
11,34,34
12,73,73
13,78,30
14,62,8
15,85,46
16,119,119
17,35,35
18,18,18
19,102,102
20,38,38
21,5,78
22,54,87
23,47,47
24,97,97
25,87,87
26,35,35
27,61,61
28,62,62
29,61,61
30,69,101
31,44,44
0,29,29
1,53,53
2,8,87
3,40,40
4,126,132
5,38,39
6,123,123
7,16,16
8,36,84
9,60,60
10,29,29
11,112,112
12,102,102
13,82,82
14,9,9
15,79,79
16,17,17
17,71,62
18,58,58
19,61,61
20,37,41
21,84,84
22,70,44
23,67,67
24,97,97
25,19,19
26,55,55
27,106,106
28,15,6
29,73,73
30,14,14
31,60,60
0,64,79
1,33,33
2,94,94
3,117,117
4,92,92
5,15,39
6,14,14
7,86,86
8,11,11
9,14,14
10,45,45
11,39,76
12,115,128
13,29,29
14,71,71
15,64,64
16,24,17
17,38,38
18,79,79
19,127,115
20,78,84
21,57,106
22,8,8
23,58,43
24,29,29
25,56,56
26,74,74
27,45,45
28,37,37
29,85,85
30,99,99
31,27,27
0,5,78
1,102,80
2,20,35
3,43,104
4,53,53
5,58,69
6,83,83
7,9,9
8,79,79
9,31,31
10,64,64
11,83,83
12,49,14
13,72,72
14,73,73
15,102,102
16,119,119
17,15,15
18,60,60
19,4,4
20,124,124
21,44,117
22,100,100
23,31,7
24,28,28
25,117,117
26,53,53
27,59,59
28,38,38
29,54,54
30,13,13
31,123,123
0,50,50
1,99,81
2,94,51
3,45,45
4,31,31
5,39,39
6,113,113
7,118,98
8,112,112
9,60,60
10,88,88
11,30,30
12,31,31
13,58,69
14,55,13
15,126,88
16,90,56
17,31,31
18,33,33
19,67,67
20,8,8
21,101,101
22,90,90
23,36,36
24,26,26
25,91,91
26,89,89
27,41,0
28,114,114
29,49,104
30,113,113
31,95,75
0,120,120
1,0,0
2,97,97
3,117,117
4,66,66
5,94,94
6,64,64
7,48,48
8,65,65
9,19,19
10,38,38
11,97,97
12,19,19
13,17,17
14,11,11
15,69,69
16,118,118
17,59,59
18,23,23
19,90,90
20,30,30
21,58,58
22,67,67
23,28,28
24,106,106
25,44,117
26,0,0
27,80,40
28,27,27
29,110,110
30,41,41
31,10,10
0,128,128
1,39,39
2,4,4
3,55,55
4,80,80
5,53,53
6,56,56
7,112,112
8,38,38
9,23,23
10,36,26
11,19,19
12,14,14
13,82,82
14,13,28
15,28,77
16,123,123
17,26,26
18,51,51
19,15,15
20,99,81
21,24,27
22,105,105
23,95,77
24,74,74
25,51,51
26,6,6
27,90,68
28,70,27
29,37,37
30,45,45
31,117,117
0,52,60
1,14,14
2,64,64
3,48,48
4,67,67
5,105,0
6,132,132
7,54,54
8,116,116
9,78,14
10,92,92
11,43,43
12,26,26
13,93,93
14,124,124
15,66,66
16,24,24
17,7,7
18,19,26
19,40,102
20,64,64
21,54,54
22,57,57
23,117,117
24,35,35
25,85,85
26,17,17
27,52,63
28,53,53
29,14,14
30,25,25
31,123,123
0,65,8
1,55,55
2,113,110
3,57,57
4,74,16
5,38,38
6,31,15
7,75,94
8,7,7
9,62,62
10,110,110
11,119,119
12,40,40
13,117,83
14,66,66
15,56,56
16,102,102
17,58,58
18,70,70
19,22,22
20,19,40
21,73,77
22,82,82
23,93,93
24,96,96
25,28,28
26,9,46
27,30,24
28,87,87
29,43,7
30,16,30
31,105,105
0,123,123
1,110,110
2,34,34
3,26,26
4,61,61
5,30,30
6,1,1
7,9,9
8,103,103
9,42,42
10,128,128
11,21,21
12,28,105
13,5,5
14,57,57
15,10,10
16,26,26
17,47,47
18,76,76
19,89,89
20,120,120
21,89,89
22,125,125
23,100,100
24,113,113
25,105,105
26,10,10
27,13,13
28,113,2
29,55,111
30,35,35
31,48,43
0,45,28
1,67,67
2,127,127
3,33,33
4,114,114
5,97,97
6,77,26
7,42,39
8,60,60
9,96,112
10,104,104
11,24,24
12,50,50
13,59,59
14,93,93
15,85,85
16,89,80
17,48,48
18,49,49
19,59,59
20,11,11
21,7,38
22,7,7
23,43,7
24,19,19
25,120,24
26,9,9
27,10,10
28,104,104
29,11,11
30,108,108
31,45,45
0,124,124
1,35,35
2,89,89
3,59,59
4,33,33
5,20,20
6,11,11
7,91,91
8,61,56
9,43,43
10,81,81
11,121,71
12,129,36
13,19,19
14,3,3
15,84,36
16,95,82
17,54,54
18,30,30
19,16,16
20,22,22
21,38,42
22,28,28
23,80,80
24,53,53
25,123,6
26,91,91
27,59,59
28,114,114
29,90,90
30,75,75
31,126,81
0,96,96
1,113,113
2,31,31
3,58,58
4,82,82
5,19,19
6,29,75
7,24,43
8,49,26
9,62,62
10,9,75
11,22,22
12,11,11
13,23,5
14,89,89
15,85,85
16,16,16
17,28,28
18,80,69
19,82,82
20,121,71
21,55,55
22,41,41
23,21,21
24,31,31
25,125,44
26,89,131
27,117,44
28,42,42
29,16,16
30,12,12
31,32,32
0,128,72
1,50,50
2,123,123
3,13,13
4,95,46
5,95,95
6,88,88
7,26,26
8,66,66
9,106,106
10,26,38
11,22,22
12,99,99
13,19,19
14,59,59
15,55,55
16,38,38
17,110,12
18,35,35
19,33,33
20,3,3
21,39,39
22,70,70
23,40,40
24,46,46
25,87,87
26,17,17
27,20,20
28,70,70
29,111,2
30,98,87
31,74,88
0,45,45
1,129,129
2,111,111
3,8,128
4,99,99
5,13,101
6,20,31
7,132,132
8,44,117
9,3,109
10,13,13
11,35,35
12,26,26
13,35,35
14,25,105
15,34,34
16,46,46
17,15,15
18,20,20
19,75,75
20,112,112
21,65,65
22,111,111
23,11,11
24,65,65
25,77,77
26,105,105
27,41,41
28,12,41
29,54,54
30,129,129
31,22,22
0,130,130
1,2,2
2,60,60
3,41,1
4,41,41
5,12,12
6,105,105
7,93,93
8,106,106
9,86,86
10,117,47
11,30,30
12,33,10
13,114,114
14,126,126
15,34,34
16,117,13
17,4,14
18,51,51
19,112,123
20,16,16
21,5,5
22,75,75
23,45,45
24,50,50
25,73,92
26,33,33
27,0,0
28,46,46
29,123,115
30,96,96
31,28,28
0,1,1
1,87,87
2,44,44
3,34,34
4,90,90
5,24,24
6,62,62
7,87,87
8,38,38
9,56,56
10,31,31
11,67,67
12,103,103
13,27,27
14,46,46
15,121,31
16,60,75
17,39,39
18,103,103
19,19,19
20,86,66
21,54,54
22,47,47
23,105,105
24,13,13
25,0,0
26,24,24
27,17,17
28,5,5
29,72,72
30,61,61
31,106,106
0,12,61
1,8,8
2,85,85
3,35,35
4,38,38
5,5,5
6,23,23
7,114,114
8,92,92
9,104,104
10,38,38
11,110,110
12,78,78
13,69,69
14,85,85
15,6,6
16,22,22
17,52,52
18,28,20
19,111,111
20,63,63
21,111,111
22,16,16
23,48,48
24,120,120
25,70,19
26,5,5
27,67,28
28,116,116
29,43,43
30,84,84
31,75,97
0,81,124
1,70,21
2,23,23
3,13,13
4,21,21
5,62,62
6,77,77
7,54,54
8,2,2
9,16,16
10,113,113
11,108,19
12,53,53
13,18,96
14,54,34
15,82,82
16,15,15
17,87,87
18,67,67
19,75,75
20,13,13
21,56,56
22,129,78
23,79,79
24,40,70
25,26,86
26,2,2
27,110,110
28,20,20
29,46,46
30,87,87
31,62,62
0,97,97
1,109,109
2,75,75
3,62,38
4,10,10
5,44,117
6,83,83
7,79,79
8,25,25
9,11,11
10,69,69
11,20,20
12,90,90
13,55,34
14,3,9
15,94,94
16,102,102
17,3,3
18,42,42
19,52,9
20,129,129
21,76,76
22,77,77
23,20,20
24,22,22
25,38,38
26,117,117
27,16,16
28,84,84
29,79,79
30,28,11
31,99,81
0,81,81
1,115,115
2,45,45
3,3,3
4,50,32
5,57,18
6,73,32
7,103,23
8,42,42
9,5,5
10,9,80
11,131,131
12,123,123
13,51,51
14,47,47
15,69,69
16,66,66
17,35,35
18,41,41
19,119,119
20,106,106
21,42,42
22,43,105
23,40,69
24,41,41
25,81,81
26,45,45
27,116,48
28,122,122
29,33,33
30,103,103
31,108,108
0,77,77
1,35,35
2,109,109
3,123,123
4,132,12
5,10,83
6,75,75
7,93,93
8,99,9
9,18,18
10,115,115
11,25,25
12,123,123
13,132,35
14,118,99
15,7,7
16,1,1
17,33,33
18,25,25
19,20,17
20,18,18
21,13,13
22,79,18
23,115,115
24,39,39
25,32,32
26,14,14
27,75,75
28,11,11
29,81,81
30,30,75
31,88,88
0,18,18
1,6,6
2,74,74
3,46,46
4,102,102
5,14,14
6,106,106
7,91,91
8,122,122
9,107,42
10,78,78
11,93,93
12,34,43
13,97,97
14,26,26
15,80,80
16,70,70
17,82,82
18,100,100
19,4,4
20,52,52
21,87,87
22,78,78
23,13,82
24,27,27
25,88,88
26,13,13
27,80,80
28,116,4
29,15,15
30,58,58
31,84,84
0,16,16
1,94,94
2,1,1
3,67,67
4,59,59
5,108,108
6,9,9
7,45,45
8,7,13
9,71,71
10,81,81
11,68,68
12,40,40
13,35,85
14,89,89
15,9,9
16,59,26
17,129,69
18,30,66
19,76,67
20,26,26
21,108,108
22,43,43
23,107,107
24,79,24
25,32,32
26,84,84
27,92,92
28,52,52
29,66,66
30,106,106
31,111,111
0,54,87
1,42,42
2,97,2
3,23,23
4,111,111
5,31,31
6,82,82
7,89,89
8,21,21
9,1,75
10,124,31
11,84,84
12,62,48
13,23,23
14,52,52
15,99,81
16,3,66
17,74,74
18,60,60
19,9,9
20,11,11
21,54,54
22,52,52
23,112,100
24,7,7
25,98,98
26,69,69
27,1,106
28,26,26
29,81,81
30,88,88
31,41,41
0,92,92
1,107,107
2,54,87
3,3,3
4,56,56
5,7,7
6,100,48
7,68,55
8,22,22
9,12,12
10,27,27
11,82,82
12,1,1
13,71,71
14,103,0
15,19,119
16,114,114
17,127,13
18,7,7
19,65,65
20,28,28
21,80,80
22,11,11
23,20,20
24,7,7
25,76,76
26,68,123
27,33,33
28,12,12
29,80,80
30,83,83
31,100,100
0,117,117
1,101,101
2,60,60
3,72,130
4,81,81
5,83,83
6,87,123
7,57,35
8,60,86
9,14,14
10,41,41
11,37,37
12,123,123
13,98,98
14,35,35
15,37,37
16,89,56
17,113,113
18,51,51
19,64,64
20,132,132
21,2,2
22,102,102
23,2,2
24,121,71
25,101,101
26,85,85
27,10,10
28,32,32
29,31,80
30,24,24
31,26,26
0,15,15
1,7,7
2,75,75
3,123,87
4,35,35
5,125,125
6,120,120
7,48,48
8,19,19
9,45,45
10,65,65
11,46,46
12,80,80
13,20,20
14,76,34
15,29,29
16,56,56
17,95,95
18,62,62
19,79,79
20,87,87
21,23,100
22,4,4
23,63,63
24,57,57
25,10,10
26,100,100
27,58,69
28,49,26
29,77,77
30,112,112
31,27,27
0,113,113
1,57,81
2,88,51
3,55,69
4,71,71
5,36,36
6,116,31
7,37,85
8,64,64
9,30,30
10,64,64
11,95,95
12,100,100
13,46,46
14,115,115
15,28,44
16,63,63
17,119,119
18,60,60
19,45,45
20,73,20
21,122,11
22,43,43
23,47,47
24,110,41
25,94,95
26,69,58
27,127,127
28,94,94
29,71,71
30,87,87
31,43,39
0,103,103
1,56,56
2,3,3
3,94,94
4,111,111
5,117,117
6,1,85
7,129,129
8,106,123
9,121,121
10,94,78
11,55,74
12,88,88
13,76,76
14,100,100
15,101,7
16,18,18
17,120,67
18,81,81
19,40,40
20,70,70
21,122,23
22,38,38
23,86,86
24,7,7
25,73,73
26,86,86
27,11,11
28,22,22
29,119,119
30,5,5
31,131,131
0,3,3
1,95,95
2,38,56
3,46,46
4,84,84
5,109,78
6,41,41
7,110,41
8,1,16
9,54,67
10,73,73
11,4,4
12,0,67
13,111,129
14,117,117
15,31,31
16,125,22
17,19,19
18,61,61
19,55,55
20,126,126
21,120,102
22,47,47
23,75,75
24,55,55
25,59,59
26,55,24
27,56,56
28,55,55
29,117,117
30,13,13
31,67,67
0,25,92
1,90,100
2,57,31
3,87,87
4,34,34
5,12,12
6,100,100
7,50,50
8,41,41
9,116,116
10,49,49
11,22,22
12,109,6
13,109,109
14,112,112
15,85,34
16,36,36
17,67,67
18,68,68
19,2,2
20,53,53
21,88,88
22,30,30
23,39,39
24,40,104
25,110,132
26,47,11
27,117,117
28,97,97
29,85,85
30,3,3
31,78,78
0,28,28
1,9,49
2,51,51
3,10,10
4,127,9
5,71,61
6,14,14
7,50,50
8,1,57
9,43,95
10,60,94
11,61,61
12,35,93
13,56,56
14,52,52
15,22,22
16,90,116
17,84,11
18,115,115
19,28,28
20,42,42
21,51,51
22,111,111
23,63,45
24,86,86
25,79,79
26,114,114
27,114,114
28,123,123
29,68,68
30,84,84
31,17,17
0,91,91
1,90,90
2,78,78
3,108,38
4,36,36
5,25,96
6,47,47
7,40,40
8,61,22
9,101,69
10,32,25
11,119,119
12,129,84
13,35,35
14,22,28
15,20,20
16,123,123
17,4,4
18,52,52
19,51,78
20,67,67
21,4,3
22,127,127
23,2,2
24,1,1
25,33,33
26,6,6
27,48,48
28,5,5
29,0,0
30,84,84
31,87,87
0,122,122
1,38,38
2,94,94
3,9,9
4,0,0
5,30,78
6,1,1
7,123,123
8,17,26
9,106,106
10,46,75
11,38,38
12,26,59
13,3,3
14,78,78
15,71,71
16,43,43
17,65,65
18,69,69
19,55,55
20,47,47
21,25,80
22,82,82
23,70,27
24,102,102
25,22,22
26,62,62
27,39,33
28,54,55
29,25,25
30,79,22
31,122,122
0,23,23
1,55,55
2,53,53
3,56,56
4,130,130
5,48,56
6,53,53
7,50,50
8,72,72
9,79,79
10,9,9
11,55,55
12,15,52
13,98,98
14,26,26
15,61,62
16,120,120
17,40,40
18,71,71
19,102,102
20,87,87
21,64,64
22,93,93
23,121,6
24,16,16
25,23,23
26,17,17
27,42,42
28,53,53
29,35,35
30,103,103
31,10,10
0,83,83
1,97,55
2,88,88
3,108,108
4,71,71
5,50,50
6,34,34
7,98,98
8,114,114
9,5,5
10,44,46
11,105,105
12,45,45
13,50,50
14,78,78
15,56,56
16,30,1
17,26,14
18,80,80
19,121,121
20,42,42
21,55,85
22,14,15
23,129,15
24,98,98
25,23,123
26,31,31
27,17,17
28,97,97
29,32,32
30,13,13
31,27,27
0,117,117
1,60,60
2,33,33
3,2,2
4,76,55
5,6,6
6,74,88
7,93,93
8,37,22
9,88,88
10,55,55
11,94,94
12,14,14
13,91,91
14,46,46
15,22,22
16,102,26
17,7,7
18,44,44
19,62,62
20,82,13
21,81,81
22,41,41
23,21,20
24,4,4
25,4,4
26,68,31
27,35,35
28,44,44
29,119,119
30,46,46
31,39,39
0,97,97
1,14,15
2,59,59
3,64,64
4,51,51
5,55,64
6,10,10
7,82,82
8,55,55
9,108,108
10,43,120
11,131,131
12,81,80
13,60,52
14,97,97
15,17,17
16,75,75
17,44,31
18,51,51
19,36,36
20,53,53
21,75,75
22,113,113
23,113,113
24,7,7
25,91,0
26,64,64
27,22,22
28,34,34
29,37,37
30,19,70
31,68,31
0,113,113
1,99,99
2,58,108
3,25,92
4,0,0
5,95,95
6,20,20
7,116,1
8,59,26
9,32,32
10,101,101
11,13,13
12,88,88
13,89,89
14,4,19
15,71,71
16,86,86
17,63,45
18,82,82
19,96,0
20,80,80
21,57,57
22,2,2
23,51,116
24,59,59
25,111,111
26,54,54
27,23,23
28,6,15
29,48,48
30,104,104
31,98,98
0,79,26
1,31,31
2,50,75
3,47,89
4,25,25
5,88,74
6,33,33
7,26,26
8,75,21
9,39,59
10,129,84
11,67,67
12,96,96
13,85,85
14,3,3
15,17,17
16,123,123
17,49,49
18,59,40
19,19,19
20,123,93
21,86,96
22,59,59
23,43,43
24,21,21
25,95,95
26,44,44
27,64,64
28,104,104
29,106,106
30,45,45
31,128,128
0,103,98
1,29,29
2,55,58
3,114,114
4,34,34
5,102,26
6,45,45
7,71,71
8,56,56
9,34,34
10,111,111
11,73,73
12,15,15
13,6,6
14,103,103
15,98,99
16,34,34
17,5,70
18,84,84
19,131,131
20,8,8
21,63,63
22,114,114
23,48,48
24,89,71
25,58,58
26,61,56
27,41,41
28,109,109
29,61,61
30,13,13
31,34,105
0,18,18
1,96,96
2,37,37
3,81,39
4,105,105
5,116,91
6,62,111
7,101,101
8,0,0
9,87,87
10,1,81
11,5,5
12,38,38
13,93,93
14,87,87
15,94,3
16,23,23
17,46,46
18,67,20
19,36,36
20,93,93
21,15,6
22,0,0
23,70,70
24,97,97
25,73,20
26,72,72
27,38,38
28,1,1
29,12,12
30,47,47
31,115,115
0,43,26
1,70,40
2,17,58
3,106,106
4,126,41
5,25,25
6,6,6
7,30,30
8,34,8
9,61,61
10,5,5
11,88,88
12,1,1
13,8,54
14,30,30
15,19,47
16,102,119
17,20,21
18,60,60
19,74,74
20,13,13
21,130,130
22,21,21
23,75,75
24,57,57
25,93,93
26,116,116
27,57,35
28,4,70
29,64,64
30,99,99
31,13,13
0,114,114
1,13,119
2,95,95
3,10,10
4,78,78
5,87,87
6,116,116
7,1,1
8,124,25
9,86,86
10,101,101
11,38,38
12,97,97
13,94,94
14,69,69
15,91,91
16,77,104
17,23,23
18,93,93
19,130,130
20,17,17
21,80,40
22,49,49
23,35,35
24,0,0
25,100,18
26,25,25
27,27,27
28,24,69
29,42,42
30,93,61
31,116,114
0,14,14
1,19,19
2,64,64
3,17,17
4,96,96
5,21,21
6,80,80
7,22,22
8,58,58
9,12,12
10,94,94
11,99,81
12,85,85
13,91,91
14,37,37
15,128,128
16,16,16
17,108,108
18,20,20
19,38,55
20,74,74
21,20,105
22,62,62
23,124,124
24,9,123
25,10,27
26,72,72
27,98,98
28,10,10
29,33,33
30,43,80
31,66,20
0,21,21
1,13,13
2,81,81
3,45,45
4,72,72
5,98,99
6,20,20
7,82,82
8,100,81
9,33,33
10,37,75
11,85,85
12,43,102
13,122,75
14,14,14
15,38,26
16,43,43
17,65,65
18,28,28
19,100,86
20,119,7
21,85,85
22,8,34
23,101,101
24,132,126
25,85,85
26,67,67
27,94,78
28,108,108
29,65,65
30,30,30
31,86,35
0,117,117
1,22,22
2,44,13
3,43,43
4,20,20
5,97,97
6,108,108
7,126,12
8,55,55
9,65,8
10,114,114
11,75,75
12,53,53
13,98,98
14,60,99
15,2,2
16,60,124
17,2,2
18,0,0
19,97,97
20,81,100
21,98,98
22,116,116
23,15,15
24,43,43
25,131,131
26,126,126
27,99,98
28,50,50
29,111,111
30,56,56
31,120,120
0,6,6
1,16,16
2,20,40
3,32,32
4,41,41
5,131,58
6,116,116
7,106,106
8,81,81
9,11,53
10,103,103
11,20,122
12,1,1
13,112,112
14,23,23
15,38,38
16,65,65
17,15,15
18,116,0
19,98,98
20,123,123
21,112,112
22,23,23
23,26,65
24,87,93
25,30,78
26,78,78
27,118,63
28,44,4
29,18,18
30,17,17
31,49,104
0,97,128
1,95,95
2,86,86
3,55,27
4,70,70
5,132,132
6,16,16
7,123,1
8,104,104
9,85,55
10,50,50
11,42,42
12,33,39
13,76,76
14,2,2
15,63,63
16,63,90
17,38,38
18,15,15
19,46,80
20,59,59
21,70,19
22,9,9
23,15,15
24,68,40
25,62,62
26,83,42
27,111,111
28,83,83
29,120,120
30,49,49
31,1,72
0,90,117
1,0,0
2,105,128
3,10,10
4,75,40
5,86,86
6,109,109
7,67,67
8,32,32
9,49,49
10,48,48
11,75,94
12,42,42
13,6,6
14,38,38
15,43,43
16,33,7
17,8,8
18,5,5
19,90,117
20,75,75
21,121,6
22,100,100
23,58,58
24,20,20
25,75,75
26,61,61
27,110,106
28,101,69
29,77,77
30,129,129
31,114,114
0,83,83
1,103,103
2,72,72
3,126,106
4,55,55
5,38,89
6,68,68
7,33,14
8,104,14
9,129,38
10,40,40
11,33,40
12,22,22
13,22,22
14,17,17
15,60,60
16,68,68
17,20,20
18,44,44
19,28,28
20,59,59
21,41,0
22,92,92
23,31,31
24,75,85
25,108,50
26,20,20
27,99,99
28,55,55
29,18,18
30,53,53
31,74,74
0,37,37
1,115,115
2,53,53
3,33,40
4,53,53
5,68,68
6,126,24
7,56,56
8,66,66
9,64,64
10,69,69
11,64,64
12,22,22
13,4,4
14,86,86
15,38,38
16,103,105
17,60,60
18,40,104
19,76,64
20,1,1
21,74,74
22,51,51
23,121,121
24,87,87
25,7,7
26,23,23
27,68,68
28,52,62
29,73,73
30,73,73
31,81,81
0,40,40
1,78,78
2,98,98
3,52,52
4,58,58
5,23,23
6,35,35
7,120,2
8,86,86
9,69,101
10,127,127
11,80,80
12,34,34
13,20,20
14,81,81
15,16,16
16,1,35
17,38,38
18,77,102
19,82,106
20,59,59
21,50,50
22,68,71
23,117,117
24,108,38
25,4,4
26,127,42
27,4,4
28,94,78
29,6,15
30,92,92
31,29,29
0,42,42
1,86,86
2,128,128
3,11,11
4,40,59
5,27,27
6,35,35
7,88,88
8,13,13
9,45,45
10,129,129
11,129,129
12,75,75
13,85,85
14,102,102
15,6,6
16,0,0
17,80,80
18,132,132
19,102,102
20,67,67
21,118,69
22,73,67
23,83,116
24,64,64
25,87,87
26,127,127
27,125,125
28,11,11
29,82,82
30,54,54
31,77,77
0,46,59
1,56,59
2,3,42
3,126,126
4,31,31
5,129,129
6,106,106
7,53,53
8,128,128
9,88,88
10,102,76
11,56,56
12,130,130
13,22,22
14,15,15
15,97,21
16,51,70
17,128,128
18,60,129
19,98,98
20,121,121
21,76,60
22,20,20
23,112,112
24,68,68
25,102,102
26,97,97
27,38,38
28,46,46
29,57,57
30,77,77
31,16,112
0,45,22
1,111,111
2,56,56
3,24,24
4,49,38
5,119,119
6,89,89
7,61,61
8,14,14
9,98,98
10,81,81
11,5,122
12,62,62
13,36,30
14,43,43
15,61,61
16,128,128
17,35,35
18,81,100
19,65,65
20,4,4
21,127,127
22,44,109
23,0,0
24,105,105
25,85,85
26,98,98
27,39,39
28,121,121
29,0,124
30,81,16
31,104,104
0,129,129
1,46,46
2,62,62
3,11,11
4,108,108
5,50,37
6,86,86
7,118,118
8,36,36
9,76,76
10,25,32
11,129,13
12,96,96
13,70,70
14,92,92
15,44,16
16,128,105
17,28,28
18,16,16
19,99,99
20,75,75
21,5,5
22,46,8
23,2,2
24,80,80
25,83,56
26,45,45
27,11,11
28,6,6
29,77,19
30,19,19
31,125,9
0,7,77
1,105,105
2,112,112
3,67,67
4,71,71
5,53,1
6,57,75
7,64,64
8,70,43
9,122,122
10,89,89
11,117,122
12,29,29
13,102,102
14,10,10
15,55,55
16,130,72
17,12,12
18,100,100
19,108,108
20,94,5
21,92,92
22,20,20
23,107,107
24,57,100
25,77,24
26,72,72
27,26,26
28,50,50
29,37,0
30,56,56
31,98,98
0,72,96
1,90,90
2,63,63
3,26,26
4,23,23
5,54,54
6,127,127
7,104,104
8,50,50
9,14,14
10,14,14
11,25,25
12,100,98
13,34,34
14,94,94
15,42,42
16,127,127
17,31,31
18,66,38
19,12,12
20,22,22
21,60,60
22,62,28
23,124,130
24,58,89
25,11,53
26,102,102
27,23,23
28,83,83
29,120,120
30,44,44
31,101,101
0,109,109
1,54,54
2,86,96
3,6,6
4,51,61
5,79,79
6,117,117
7,51,100
8,93,93
9,27,27
10,9,70
11,20,20
12,89,69
13,99,99
14,29,29
15,23,23
16,63,63
17,97,97
18,15,15
19,11,22
20,12,132
21,44,26
22,9,9
23,13,7
24,112,16
25,10,70
26,118,111
27,52,8
28,43,102
29,110,2
30,13,13
31,37,35
0,78,78
1,25,25
2,84,84
3,19,19
4,128,128
5,57,57
6,28,28
7,71,71
8,5,5
9,122,122
10,34,34
11,2,2
12,59,59
13,32,32
14,16,16
15,86,86
16,46,46
17,4,4
18,52,52
19,80,80
20,4,4
21,64,22
22,70,70
23,119,119
24,38,38
25,14,14
26,62,62
27,106,106
28,61,61
29,31,98
30,60,60
31,115,115
0,128,128
1,106,106
2,114,114
3,48,48
4,65,65
5,30,30
6,26,15
7,111,43
8,89,89
9,45,90
10,110,110
11,119,119
12,80,43
13,90,90
14,12,12
15,90,90
16,7,42
17,44,117
18,42,42
19,100,100
20,20,20
21,22,22
22,104,104
23,113,57
24,19,19
25,72,72
26,47,47
27,45,45
28,114,114
29,125,125
30,45,81
31,93,93
0,100,100
1,55,35
2,9,9
3,78,78
4,7,33
5,18,123
6,23,23
7,75,85
8,79,116
9,67,67
10,118,118
11,81,81
12,17,17
13,40,40
14,121,6
15,69,69
16,25,25
17,44,109
18,94,94
19,100,39
20,26,26
21,69,69
22,44,28
23,12,12
24,87,87
25,15,15
26,125,121
27,90,63
28,37,37
29,4,4
30,99,81
31,83,46
0,106,118
1,46,46
2,8,8
3,55,101
4,34,34
5,64,64
6,59,59
7,61,61
8,23,23
9,114,114
10,75,35
11,103,103
12,0,0
13,114,114
14,61,61
15,28,28
16,111,111
17,40,40
18,57,57
19,36,36
20,103,0
21,14,14
22,74,74
23,38,38
24,67,67
25,11,22
26,62,62
27,15,15
28,131,131
29,46,54
30,34,8
31,49,49
0,3,3
1,28,28
2,40,59
3,81,81
4,29,29
5,14,82
6,76,76
7,26,26
8,55,55
9,22,22
10,127,127
11,45,45
12,1,70
13,18,18
14,22,22
15,117,105
16,86,86
17,17,17
18,61,61
19,33,33
20,71,71
21,120,120
22,16,16
23,2,2
24,28,28
25,123,123
26,83,83
27,14,14
28,93,93
29,27,27
30,16,16
31,20,20
0,16,16
1,5,5
2,60,60
3,28,28
4,75,75
5,91,91
6,7,7
7,32,54
8,8,87
9,112,57
10,42,9
11,98,98
12,95,71
13,40,40
14,46,46
15,38,38
16,48,98
17,87,87
18,86,2
19,93,93
20,132,35
21,9,9
22,15,15
23,86,86
24,0,0
25,72,72
26,38,38
27,68,68
28,61,74
29,103,103
30,85,85
31,92,92
0,56,56
1,83,83
2,0,0
3,126,12
4,115,115
5,31,31
6,14,69
7,114,114
8,20,20
9,122,30
10,7,7
11,40,49
12,33,33
13,71,27
14,19,31
15,19,19
16,24,24
17,25,124
18,97,97
19,114,114
20,71,8
21,48,131
22,96,96
23,5,5
24,117,117
25,119,119
26,35,35
27,56,56
28,131,33
29,22,67
30,117,117
31,91,91
0,38,38
1,46,46
2,36,36
3,28,28
4,31,64
5,37,37
6,34,76
7,92,92
8,69,59
9,110,110
10,10,10
11,122,122
12,78,78
13,66,66
14,48,1
15,0,0
16,35,35
17,62,62
18,112,112
19,81,81
20,57,81
21,67,65
22,25,25
23,80,80
24,21,19
25,102,95
26,73,73
27,28,28
28,38,56
29,110,37
30,104,104
31,132,132
0,53,53
1,5,5
2,102,120
3,63,105
4,94,94
5,75,75
6,102,40
7,9,75
8,22,22
9,93,93
10,37,37
11,33,33
12,131,55
13,1,21
14,2,2
15,45,45
16,50,50
17,32,32
18,75,85
19,19,9
20,40,70
21,46,46
22,67,20
23,6,15
24,129,51
25,49,49
26,119,119
27,92,32
28,65,65
29,57,41
30,67,67
31,35,35
0,105,27
1,47,47
2,71,2
3,106,106
4,97,3
5,22,22
6,19,50
7,41,98
8,62,62
9,77,77
10,111,36
11,30,30
12,62,56
13,11,11
14,69,69
15,87,87
16,2,2
17,33,33
18,57,57
19,62,62
20,3,3
21,122,122
22,43,43
23,44,44
24,32,65
25,7,7
26,82,82
27,27,27
28,41,41
29,53,53
30,103,103
31,22,11
0,66,66
1,3,9
2,0,0
3,50,50
4,29,29
5,122,122
6,27,27
7,83,45
8,14,14
9,47,47
10,129,64
11,58,58
12,9,33
13,41,41
14,31,77
15,28,28
16,44,11
17,15,15
18,114,98
19,80,31
20,54,54
21,69,69
22,40,40
23,75,75
24,100,100
25,63,63
26,66,66
27,82,82
28,67,67
29,43,43
30,56,56
31,85,85
0,132,132
1,2,2
2,16,16
3,36,84
4,53,53
5,7,7
6,18,2
7,122,122
8,50,3
9,115,115
10,23,109
11,70,70
12,89,89
13,29,29
14,4,109
15,91,91
16,11,11
17,14,14
18,97,97
19,0,0
20,34,34
21,72,30
22,10,10
23,71,24
24,47,56
25,97,97
26,76,76
27,83,83
28,78,78
29,48,48
30,105,25
31,90,90
0,99,81
1,59,59
2,74,74
3,49,49
4,26,26
5,7,40
6,30,30
7,4,4
8,119,119
9,50,50
10,2,2
11,28,11
12,58,69
13,23,23
14,111,111
15,59,59
16,34,67
17,86,86
18,15,15
19,4,4
20,57,57
21,29,29
22,51,61
23,59,59
24,109,78
25,81,81
26,61,61
27,14,14
28,29,29
29,15,15
30,129,129
31,111,75
0,109,4
1,95,10
2,76,76
3,92,124
4,48,48
5,100,100
6,15,100
7,90,90
8,125,3
9,11,11
10,126,126
11,4,42
12,126,29
13,76,76
14,3,3
15,109,109
16,56,56
17,59,59
18,95,95
19,32,16
20,39,39
21,84,111
22,87,87
23,22,22
24,40,102
25,81,23
26,46,46
27,35,35
28,114,114
29,50,50
30,123,92
31,23,23
0,49,49
1,106,106
2,33,33
3,78,78
4,101,101
5,118,118
6,109,109
7,18,18
8,76,17
9,87,87
10,67,67
11,48,48
12,26,26
13,37,22
14,70,70
15,130,130
16,7,7
17,26,26
18,60,60
19,4,4
20,80,38
21,6,123
22,128,128
23,9,73
24,49,40
25,100,100
26,40,40
27,7,48
28,55,55
29,39,33
30,22,38
31,18,118
0,127,127
1,111,59
2,47,11
3,41,41
4,40,40
5,64,64
6,6,6
7,100,100
8,108,108
9,51,51
10,4,4
11,126,12
12,126,12
13,96,103
14,89,101
15,76,34
16,5,23
17,40,40
18,68,68
19,7,7
20,15,15
21,17,17
22,77,77
23,15,15
24,96,52
25,5,5
26,94,94
27,7,7
28,45,63
29,13,13
30,14,14
31,89,89
0,56,56
1,45,63
2,116,116
3,111,111
4,98,98
5,115,115
6,62,62
7,62,127
8,88,57
9,95,24
10,43,102
11,105,105
12,73,65
13,88,88
14,80,80
15,54,95
16,117,109
17,125,125
18,72,72
19,86,86
20,57,81
21,8,62
22,101,101
23,102,102
24,79,79
25,79,79
26,127,127
27,5,5
28,11,11
29,113,113
30,123,123
31,58,17
0,38,38
1,2,2
2,114,114
3,89,89
4,40,40
5,93,93
6,2,2
7,14,14
8,31,31
9,96,96
10,15,15
11,3,3
12,62,62
13,40,40
14,55,58
15,85,85
16,52,52
17,8,8
18,5,5
19,63,63
20,9,9
21,108,108
22,37,37
23,26,26
24,7,13
25,97,97
26,18,18
27,35,35
28,86,86
29,66,66
30,0,0
31,4,4
0,35,124
1,26,26
2,8,8
3,28,28
4,79,58
5,56,56
6,81,81
7,30,30
8,121,121
9,59,26
10,55,58
11,105,105
12,34,34
13,60,60
14,18,60
15,60,60
16,96,69
17,94,94
18,13,13
19,67,94
20,90,90
21,78,112
22,84,84
23,23,23
24,92,124
25,30,30
26,20,20
27,102,102
28,75,75
29,26,26
30,21,21
31,0,0
0,68,68
1,4,4
2,21,21
3,42,42
4,13,127
5,105,105
6,111,111
7,67,67
8,74,74
9,26,26
10,20,20
11,67,67
12,63,98
13,96,96
14,28,28
15,122,50
16,124,74
17,47,47
18,2,2
19,50,50
20,44,44
21,81,81
22,117,117
23,6,6
24,40,40
25,4,4
26,56,56
27,105,105
28,80,80
29,71,71
30,112,35
31,54,54
0,90,111
1,57,10
2,77,77
3,22,22
4,40,40
5,11,11
6,34,34
7,69,119
8,102,102
9,40,40
10,18,60
11,83,83
12,5,5
13,124,124
14,65,104
15,13,13
16,132,132
17,55,63
18,63,63
19,130,4
20,59,59
21,12,12
22,25,32
23,26,85
24,2,22
25,13,13
26,26,26
27,47,47
28,33,33
29,19,19
30,60,60
31,107,107
0,43,43
1,32,32
2,45,45
3,89,89
4,37,37
5,39,31
6,125,102
7,52,25
8,62,62
9,110,106
10,130,130
11,5,5
12,56,56
13,67,67
14,34,34
15,48,48
16,24,24
17,67,67
18,15,15
19,85,85
20,110,110
21,53,53
22,39,39
23,102,102
24,90,100
25,2,2
26,71,71
27,31,31
28,23,23
29,75,75
30,28,28
31,130,130
0,42,42
1,67,67
2,34,65
3,107,50
4,130,88
5,55,55
6,79,17
7,69,69
8,70,70
9,119,69
10,64,64
11,78,78
12,35,35
13,71,71
14,114,114
15,24,24
16,77,77
17,39,39
18,73,73
19,114,114
20,70,70
21,49,49
22,14,14
23,38,95
24,79,79
25,57,57
26,97,97
27,53,53
28,97,97
29,70,70
30,122,82
31,97,97
0,89,89
1,111,111
2,68,68
3,118,118
4,47,47
5,50,50
6,39,39
7,7,7
8,114,114
9,72,130
10,3,3
11,124,35
12,30,28
13,94,94
14,107,107
15,62,62
16,130,116
17,37,106
18,119,119
19,78,78
20,16,16
21,3,3
22,79,79
23,91,91
24,72,72
25,118,81
26,9,70
27,96,96
28,30,30
29,117,117
30,76,24
31,57,57
0,41,41
1,82,82
2,64,64
3,46,46
4,60,1
5,56,56
6,59,59
7,91,71
8,57,57
9,123,123
10,48,48
11,34,34
12,4,108
13,74,74
14,81,124
15,13,13
16,52,52
17,68,68
18,78,78
19,129,84
20,44,44
21,10,10
22,89,89
23,79,4
24,21,21
25,40,40
26,116,116
27,38,7
28,3,3
29,53,53
30,115,115
31,34,65
0,19,120
1,21,21
2,33,33
3,8,87
4,123,123
5,0,37
6,95,95
7,93,93
8,93,93
9,118,99
10,11,36
11,32,32
12,37,37
13,126,126
14,83,44
15,91,91
16,55,55
17,37,37
18,72,12
19,45,34
20,58,58
21,13,13
22,10,10
23,23,23
24,83,83
25,29,29
26,103,103
27,86,86
28,68,68
29,47,47
30,110,110
31,119,119
0,50,50
1,6,84
2,33,33
3,9,9
4,7,38
5,2,2
6,28,28
7,114,114
8,27,27
9,32,25
10,122,37
11,40,71
12,9,9
13,3,3
14,82,82
15,88,88
16,91,53
17,82,82
18,66,66
19,4,4
20,51,62
21,19,119
22,112,112
23,45,81
24,71,71
25,44,44
26,55,55
27,39,39
28,64,64
29,41,41
30,50,66
31,127,115
0,68,68
1,16,16
2,2,2
3,59,59
4,4,4
5,39,47
6,15,15
7,118,118
8,44,44
9,112,112
10,47,47
11,51,51
12,43,40
13,129,129
14,2,86
15,88,88
16,77,77
17,40,40
18,63,63
19,132,132
20,103,78
21,14,26
22,81,100
23,18,18
24,34,34
25,98,98
26,2,2
27,24,24
28,111,111
29,69,69
30,5,123
31,24,24
0,21,2
1,9,115
2,40,9
3,39,39
4,79,79
5,26,26
6,0,32
7,68,68
8,69,69
9,19,19
10,123,123
11,110,12
12,14,14
13,79,64
14,114,114
15,112,112
16,95,104
17,130,29
18,86,88
19,122,122
20,49,49
21,61,11
22,62,62
23,77,77
24,91,91
25,114,114
26,11,11
27,78,78
28,95,95
29,122,122
30,105,74
31,71,77
0,39,39
1,132,132
2,5,5
3,50,50
4,49,49
5,88,88
6,117,117
7,121,80
8,86,86
9,33,33
10,13,13
11,10,10
12,10,10
13,18,18
14,4,87
15,78,78
16,58,31
17,88,88
18,72,72
19,39,39
20,90,28
21,108,103
22,115,115
23,59,26
24,89,13
25,55,55
26,3,38
27,107,107
28,50,50
29,45,45
30,71,71
31,28,28
0,42,42
1,115,115
2,53,53
3,101,101
4,61,61
5,78,78
6,131,131
7,75,75
8,72,24
9,26,26
10,87,87
11,55,55
12,8,8
13,90,51
14,40,40
15,2,2
16,63,51
17,128,128
18,53,11
19,110,110
20,50,3
21,28,28
22,23,23
23,108,3
24,74,74
25,39,39
26,128,128
27,89,89
28,43,43
29,90,90
30,87,87
31,36,85
0,68,39
1,130,92
2,56,56
3,60,60
4,2,2
5,75,75
6,87,87
7,37,37
8,13,13
9,116,116
10,108,108
11,44,117
12,28,28
13,52,52
14,67,20
15,14,14
16,9,77
17,118,118
18,23,98
19,82,82
20,36,36
21,19,19
22,6,6
23,68,68
24,38,38
25,128,128
26,43,43
27,16,118
28,130,72
29,112,5
30,114,114
31,7,77
0,33,39
1,86,85
2,51,61
3,19,70
4,74,74
5,49,43
6,42,109
7,13,13
8,16,16
9,2,2
10,5,5
11,57,57
12,110,110
13,2,2
14,18,18
15,88,88
16,23,23
17,44,10
18,130,35
19,129,129
20,38,13
21,40,59
22,88,88
23,91,91
24,96,96
25,37,37
26,27,27
27,47,122
28,54,8
29,28,28
30,59,119
31,36,36
0,46,46
1,105,105
2,27,27
3,108,108
4,66,66
5,56,56
6,96,118
7,82,90
8,65,65
9,31,31
10,83,42
11,46,2
12,55,55
13,57,57
14,69,58
15,38,38
16,4,4
17,126,99
18,129,84
19,22,22
20,36,36
21,13,115
22,106,106
23,111,111
24,83,83
25,109,117
26,88,88
27,40,40
28,91,91
29,101,101
30,12,12
31,26,85
0,7,7
1,7,7
2,39,39
3,132,132
4,3,26
5,77,43
6,63,45
7,65,44
8,5,122
9,112,112
10,38,51
11,95,9
12,93,93
13,16,16
14,43,43
15,17,17
16,33,33
17,112,112
18,120,120
19,48,48
20,26,70
21,132,126
22,15,121
23,5,5
24,76,76
25,100,100
26,28,28
27,67,67
28,38,38
29,71,71
30,96,96
31,13,13
0,113,113
1,37,75
2,82,82
3,83,83
4,103,103
5,73,73
6,96,2
7,59,59
8,11,11
9,76,76
10,46,46
11,74,103
12,30,75
13,22,22
14,17,10
15,33,33
16,32,124
17,22,22
18,40,40
19,8,8
20,35,35
21,44,44
22,22,22
23,105,105
24,80,95
25,80,80
26,14,14
27,115,115
28,41,41
29,102,80
30,38,13
31,55,55
0,41,41
1,85,85
2,27,27
3,91,91
4,116,116
5,86,86
6,7,7
7,107,42
8,33,33
9,42,42
10,21,21
11,44,44
12,14,14
13,43,80
14,40,40
15,93,93
16,56,56
17,10,10
18,102,40
19,28,28
20,86,86
21,40,26
22,99,99
23,99,105
24,107,109
25,35,35
26,92,25
27,65,65
28,42,42
29,33,40
30,45,45
31,15,15
0,22,22
1,76,76
2,121,33
3,123,123
4,36,84
5,85,65
6,98,100
7,10,10
8,61,62
9,56,56
10,17,17
11,12,12
12,45,116
13,30,30
14,76,76
15,2,2
16,82,7
17,11,103
18,82,82
19,87,87
20,32,32
21,5,5
22,40,40
23,99,81
24,5,5
25,99,132
26,126,106
27,77,77
28,120,120
29,40,33
30,79,54
31,28,28
0,122,51
1,91,91
2,83,14
3,12,12
4,110,110
5,78,94
6,1,1
7,20,20
8,89,80
9,6,6
10,72,124
11,70,70
12,123,123
13,22,22
14,109,109
15,21,21
16,83,83
17,91,91
18,45,45
19,18,18
20,106,106
21,13,13
22,18,96
23,21,17
24,23,23
25,57,57
26,28,28
27,125,125
28,130,106
29,33,33
30,10,10
31,37,37
0,57,57
1,82,82
2,116,116
3,51,51
4,51,30
5,6,6
6,51,51
7,19,29
8,75,75
9,22,22
10,16,16
11,74,35
12,66,66
13,124,124
14,101,101
15,1,1
16,88,74
17,10,10
18,92,92
19,50,3
20,69,69
21,73,73
22,95,3
23,14,14
24,101,101
25,65,65
26,83,20
27,68,68
28,89,89
29,28,28
30,54,54
31,123,123
0,70,70
1,24,24
2,88,88
3,93,93
4,105,105
5,3,3
6,32,0
7,29,29
8,39,7
9,108,108
10,30,30
11,121,121
12,52,52
13,11,11
14,57,51
15,128,128
16,28,28
17,77,7
18,30,75
19,71,71
20,78,78
21,58,69
22,3,3
23,102,55
24,26,26
25,1,1
26,88,88
27,14,14
28,97,97
29,34,34
30,48,48
31,49,49
0,7,7
1,15,6
2,116,116
3,14,14
4,49,49
5,84,84
6,49,49
7,4,4
8,115,115
9,41,41
10,35,35
11,53,30
12,77,77
13,16,16
14,45,45
15,41,56
16,85,85
17,11,22
18,31,68
19,9,9
20,7,7
21,76,76
22,91,91
23,98,98
24,114,114
25,47,47
26,109,109
27,34,34
28,125,11
29,30,30
30,26,26
31,96,96
0,127,28
1,64,79
2,67,67
3,60,14
4,100,100
5,93,93
6,122,122
7,57,57
8,100,100
9,117,117
10,20,128
11,82,82
12,103,126
13,67,76
14,31,31
15,19,19
16,21,21
17,30,80
18,39,117
19,89,89
20,44,44
21,43,43
22,16,16
23,11,28
